{"cameraMode":{"drawMode":0,"name":"Shaded","section":"Shading Mode"},"sceneLighting":true,"audioPlay":false,"sceneViewState":{"m_AlwaysRefresh":false,"showFog":true,"showSkybox":true,"showFlares":true,"showImageEffects":true,"showParticleSystems":true,"showVisualEffectGraphs":true,"m_FxEnabled":true},"in2DMode":false,"pivot":{"x":0.45702868700027468,"y":0.8354689478874207,"z":-0.842720627784729},"rotation":{"x":0.06470400094985962,"y":0.6591704487800598,"z":-0.05709201097488403,"w":0.7470284700393677},"size":0.8688742518424988,"orthographic":false}